City_ID,City,Lat,Lng,Max Temp,Humidity,Cloudiness,Wind Speed,Country,Date
0,whitehorse,60.7161,-135.0538,-19.43,76,20,3.44,CA,1734573407
1,port-aux-francais,-49.35,70.2167,40.57,82,97,35.41,TF,1734573422
2,avarua,-21.2078,-159.775,80.65,94,100,6.91,CK,1734573424
3,puerto natales,-51.7236,-72.4875,40.05,94,99,19.39,CL,1734573425
4,blackmans bay,-43.0167,147.3167,68.52,58,6,7.47,AU,1734573426
5,iqaluit,63.7506,-68.5145,-16.87,63,40,8.05,CA,1734573427
6,saint-joseph,-21.3667,55.6167,73.78,76,40,9.06,RE,1734573428
7,talnakh,69.4865,88.3972,7.63,93,100,10.56,RU,1734573429
8,edinburgh of the seven seas,-37.0676,-12.3116,57.4,67,100,21.81,SH,1734573432
9,grytviken,-54.2811,-36.5092,31.75,97,100,3.58,GS,1734573433
10,laojunmiao,39.8333,97.7333,17.31,45,0,6.44,CN,1734573434
11,darwin,-12.4611,130.8418,83.95,75,0,8.05,AU,1734573275
12,adamstown,-25.066,-130.1015,70.63,63,8,12.03,PN,1734573437
13,longyearbyen,78.2186,15.6401,17.44,57,75,9.22,SJ,1734573438
14,ancud,-41.8697,-73.8203,49.53,73,96,3.47,CL,1734573424
15,bargaal,11.2864,51.0773,69.4,65,1,9.51,SO,1734573440
16,bredasdorp,-34.5322,20.0403,57.9,81,6,3.49,ZA,1734573441
17,talara,-4.5772,-81.2719,68.76,77,0,11.5,PE,1734573442
18,colonia,50.9333,6.95,57.96,81,40,17.27,DE,1734573443
19,susuman,62.7833,148.1667,-9.2,96,100,3.09,RU,1734573445
20,hermanus,-34.4187,19.2345,56.8,80,16,8.86,ZA,1734573446
21,sydney mines,46.2367,-60.2177,36.77,88,75,5.75,CA,1734573447
22,vihari,30.0333,72.35,51.15,29,0,3.27,PK,1734573448
23,touros,-5.1989,-35.4608,78.93,82,6,12.19,BR,1734573449
24,paka,4.6374,103.4368,80.53,78,40,4.61,MY,1734573450
25,bilibino,68.0546,166.4372,-21.26,93,13,3.76,RU,1734573452
26,waitangi,-43.9535,-176.5597,57.81,99,100,11.99,NZ,1734573453
27,nemuro,43.3236,145.575,30.9,67,16,12.97,JP,1734573454
28,thompson,55.7435,-97.8558,-18.24,83,40,4.61,CA,1734573456
29,west island,-12.1568,96.8225,80.58,94,100,14.97,CC,1734573457
30,otelu rosu,45.5333,22.3667,41.54,76,53,2.57,RO,1734573253
31,qarazhal,48.0078,70.7903,24.44,82,100,22.86,KZ,1734573459
32,tiksi,71.6872,128.8694,-15.88,99,42,6.8,RU,1734573460
33,sergeyevka,53.88,67.4158,28.56,92,100,17.72,KZ,1734573462
34,machico,32.7,-16.7667,70.0,66,20,10.36,PT,1734573463
35,amungan,15.3652,119.9582,83.39,58,100,4.97,PH,1734573464
36,ilulissat,69.2167,-51.1,17.62,86,100,14.97,GL,1734573465
37,vadso,70.0744,29.7487,6.96,85,100,10.36,NO,1734573467
38,olonkinbyen,70.9221,-8.7187,25.74,63,33,10.85,SJ,1734573468
39,oriximina,-1.7656,-55.8661,78.89,80,100,2.26,BR,1734573469
40,manokwari,-0.8667,134.0833,82.36,76,71,2.86,ID,1734573470
41,shenjiamen,29.9576,122.298,44.65,79,100,18.1,CN,1734573471
42,anadyr,64.75,177.4833,25.3,86,75,4.47,RU,1734573472
43,dadukou,26.5479,101.7054,52.36,68,1,1.48,CN,1734573473
44,college,64.8569,-147.8028,-7.65,77,75,4.61,US,1734573475
45,west end,26.6833,-78.9667,76.42,79,5,11.95,BS,1734573476
46,ketchikan,55.3422,-131.6461,37.38,84,100,1.99,US,1734573477
47,hadibu,12.65,54.0333,71.96,65,3,13.18,YE,1734573480
48,papatowai,-46.5619,169.4708,58.19,68,4,18.57,NZ,1734573481
49,cabo san lucas,22.8909,-109.9124,72.75,69,59,1.28,MX,1734573384
50,portland,45.5234,-122.6762,52.61,93,94,4.0,US,1734573483
51,serchhip,23.3,92.8333,65.32,76,95,2.24,IN,1734573484
52,hawaiian paradise park,19.5933,-154.9731,78.87,87,14,1.99,US,1734573486
53,la passe,45.5549,-0.8967,57.47,79,100,22.68,FR,1734573487
54,st. john's,47.5649,-52.7093,39.15,88,40,14.97,CA,1734573488
55,crane,31.3974,-102.3501,49.28,32,0,8.28,US,1734573489
56,weno,7.4515,151.8468,83.53,78,100,15.52,FM,1734573491
57,severo-yeniseyskiy,60.3725,93.0408,0.7,93,100,4.61,RU,1734573492
58,qaqortoq,60.7167,-46.0333,28.94,98,100,5.48,GL,1734573493
59,hotan,37.0997,79.9269,18.54,70,0,4.0,CN,1734573495
60,slave lake,55.2834,-114.769,-2.22,71,100,8.05,CA,1734573470
61,chonchi,-42.6128,-73.8092,51.12,89,74,1.92,CL,1734573497
62,harper,4.375,-7.7169,78.46,86,16,3.98,LR,1734573498
63,lebu,-37.6167,-73.65,54.86,74,10,20.58,CL,1734573463
64,bethel,41.3712,-73.414,44.69,88,100,1.01,US,1734573501
65,imbituba,-28.24,-48.6703,68.83,85,93,12.15,BR,1734573502
66,ribeira grande,38.5167,-28.7,58.77,76,64,8.99,PT,1734573503
67,utrik,11.2278,169.8474,81.16,82,100,25.23,MH,1734573504
68,flying fish cove,-10.4217,105.6791,74.88,100,75,10.36,CX,1734573505
69,aasiaat,68.7098,-52.8699,10.99,79,100,17.27,GL,1734573507
70,port mathurin,-19.6833,63.4167,77.63,72,48,18.75,MU,1734573508
71,san patricio,28.017,-97.5169,64.18,52,6,15.39,US,1734573509
72,mogadishu,2.0371,45.3438,77.09,85,99,13.38,SO,1734573510
73,port elizabeth,-33.918,25.5701,61.32,88,0,3.44,ZA,1734573430
74,tevriz,57.509,72.4042,10.92,98,88,4.99,RU,1734573512
75,port hueneme,34.1478,-119.1951,72.39,43,4,1.92,US,1734573514
76,natal,-5.795,-35.2094,80.82,78,20,9.22,BR,1734573336
77,miasskoye,55.2784,61.8905,23.88,96,100,11.65,RU,1734573517
78,buedu,8.2803,-10.3719,62.47,37,0,0.67,SL,1734573518
79,tanjung pinang,0.9167,104.45,80.71,84,100,11.12,ID,1734573448
80,sisimiut,66.9395,-53.6735,10.36,80,100,16.33,GL,1734573521
81,klyuchi,52.2667,79.1667,12.47,89,94,9.55,RU,1734573522
82,saint-pierre,-21.3393,55.4781,74.88,60,0,6.91,RE,1734573523
83,constantia,44.1833,28.65,36.7,81,13,7.0,RO,1734573260
84,coquimbo,-29.9533,-71.3436,58.73,88,0,4.61,CL,1734573525
85,ushuaia,-54.8,-68.3,42.46,81,75,20.71,AR,1734573281
86,vila velha,-20.3297,-40.2925,76.95,91,100,3.44,BR,1734573360
87,kingston,17.997,-76.7936,81.55,78,20,4.61,JM,1734573236
88,jinghong,21.991,100.7341,60.71,91,93,1.43,CN,1734573530
89,yellowknife,62.456,-114.3525,-28.59,87,20,2.3,CA,1734573531
90,berezovyy,51.6667,135.7,-1.44,89,100,0.92,RU,1734573532
91,saint-affrique,43.9558,2.8892,45.72,81,100,3.76,FR,1734573533
92,rikaze,29.25,88.8833,30.13,13,0,2.82,CN,1734573535
93,hamilton,39.1834,-84.5333,39.79,83,100,14.97,US,1734573483
94,olinda,-8.0089,-34.8553,80.33,83,40,6.91,BR,1734573537
95,invercargill,-46.4,168.35,70.02,47,100,11.01,NZ,1734573538
96,radhanpur,23.8333,71.6,57.13,36,0,6.24,IN,1734573539
97,hithadhoo,-0.6,73.0833,81.99,77,95,15.73,MV,1734573540
98,badger,64.8,-147.5333,-7.73,79,40,4.61,US,1734573541
99,i-n-salah,27.1935,2.4607,51.01,58,0,11.05,DZ,1734573543
100,cockburn town,21.4612,-71.1419,79.29,82,5,23.53,TC,1734573263
101,lethbridge,49.7,-112.8186,8.71,72,100,12.66,CA,1734573299
102,mount isa,-20.7333,139.5,98.37,36,20,12.66,AU,1734573546
103,monrovia,6.3005,-10.7969,78.87,82,50,1.95,LR,1734573547
104,al kharj,24.155,47.3346,46.98,17,32,4.94,SA,1734573353
105,manta,-0.95,-80.7333,78.58,65,75,14.97,EC,1734573550
106,nuuk,64.1835,-51.7216,21.81,93,100,16.11,GL,1734573455
107,nurota,40.5614,65.6886,40.86,50,66,34.11,UZ,1734573552
108,awjilah,29.1081,21.2869,52.81,82,37,8.68,LY,1734573553
109,hoemul-li,41.4339,129.67,28.56,31,2,1.01,KP,1734573555
110,taulaga,-11.0553,-171.0883,82.08,81,98,15.75,AS,1734573556
111,angaur state,6.906,134.13,83.62,73,54,6.69,PW,1734573558
112,tabou,4.423,-7.3528,78.46,86,23,3.85,CI,1734573561
113,albany,42.6001,-73.9662,38.43,78,100,1.88,US,1734572903
114,puerto ayora,-0.7393,-90.3518,72.36,90,67,6.22,EC,1734573563
115,margaret river,-33.95,115.0667,68.07,51,0,16.31,AU,1734573564
116,ambon,-3.6954,128.1814,87.94,100,40,4.61,ID,1734573565
117,gamay,12.3854,125.2979,79.41,93,100,11.72,PH,1734573567
118,butembo,0.15,29.2833,56.43,95,23,3.29,CD,1734573568
119,karratha,-20.7377,116.8463,100.92,34,100,9.93,AU,1734573569
120,mont-joli,48.5839,-68.1921,31.5,93,100,2.3,CA,1734573571
121,gimbi,9.1667,35.8333,54.01,50,18,1.88,ET,1734573573
122,san antonio de pale,-1.4014,5.6325,79.54,82,31,4.38,GQ,1734573574
123,georgetown,5.4112,100.3354,84.13,65,20,4.61,MY,1734573128
124,wailua homesteads,22.0669,-159.378,81.39,76,0,17.27,US,1734573576
125,lompoc,34.6391,-120.4579,66.92,52,20,4.61,US,1734573577
126,santa elena de uairen,4.6167,-61.1333,68.14,78,100,3.04,VE,1734573579
127,isafjordur,66.0755,-23.124,21.09,85,100,1.92,IS,1734573580
128,xining,36.6167,101.7667,11.01,90,26,3.02,CN,1734573583
129,the pas,53.8251,-101.2541,-16.58,76,100,0.0,CA,1734573584
130,iskateley,67.6803,53.1512,-3.78,85,100,4.76,RU,1734573585
131,yorkton,51.2167,-102.4677,-5.96,77,0,11.5,CA,1734573586
132,rongelap,11.1635,166.8941,81.0,83,100,23.69,MH,1734573587
133,tazovsky,67.4667,78.7,2.82,97,99,6.35,RU,1734573588
134,ginir,7.1333,40.7,53.42,42,84,4.68,ET,1734573590
135,petropavlovsk-kamchatsky,53.0452,158.6483,32.59,55,75,2.24,RU,1734573591
136,sandnessjoen,66.0217,12.6316,26.26,88,100,29.64,NO,1734573592
137,saint-felicien,48.6501,-72.4491,27.28,100,100,0.0,CA,1734573593
138,kapuskasing,49.4169,-82.4331,5.09,78,100,8.05,CA,1734573594
139,remire-montjoly,4.9167,-52.2667,77.04,100,100,3.44,GF,1734573595
140,santana,-0.0583,-51.1817,82.58,83,0,6.91,BR,1734573597
141,hobyo,5.3505,48.5268,77.58,76,85,17.02,SO,1734573598
142,horta,38.5333,-28.6333,58.01,76,62,8.99,PT,1734573600
143,paita,-5.0892,-81.1144,67.12,83,17,15.61,PE,1734573602
144,stanley,54.868,-1.6985,40.53,82,100,10.36,GB,1734573603
145,soio,-6.1349,12.3689,79.81,86,100,2.98,AO,1734573604
146,salinopolis,-0.6136,-47.3561,81.36,81,9,11.48,BR,1734573606
147,al kharijah,25.4514,30.5464,52.39,68,68,6.78,EG,1734573609
148,desaguadero,-16.5656,-69.0417,47.82,69,100,2.8,PE,1734573610
149,manismata,-2.4667,111.0333,84.16,75,100,6.62,ID,1734573611
150,bamboo flat,11.7,92.7167,82.49,78,40,6.91,IN,1734573613
151,librazhd-qender,41.1969,20.3356,46.58,72,100,0.92,AL,1734573614
152,phan rang-thap cham,11.5667,108.9833,78.01,74,14,12.35,VN,1734573615
153,ziway,7.9333,38.7167,57.58,63,10,7.14,ET,1734573616
154,la paz,-16.5,-68.15,51.58,69,75,6.91,BO,1734573617
155,sitka,57.0531,-135.33,26.92,71,1,7.78,US,1734573618
156,gizo,-8.103,156.8419,86.0,70,86,3.36,SB,1734573620
157,indre arna,60.4247,5.4764,43.02,77,98,16.42,NO,1734573621
158,gorgan,36.8387,54.4348,35.56,87,0,6.91,IR,1734573622
159,yinchuan,38.4681,106.2731,21.34,82,7,1.54,CN,1734573623
160,ust'-ilimsk,58.0006,102.6619,-17.19,96,14,1.45,RU,1734573625
161,kodiak,57.79,-152.4072,38.71,100,100,21.85,US,1734573626
162,lorengau,-2.0226,147.2712,86.27,74,100,15.46,PG,1734573628
163,nova sintra,14.8667,-24.7167,77.02,76,7,9.69,CV,1734573629
164,tineo,43.3376,-6.4145,51.15,80,55,10.58,ES,1734573630
165,puerto deseado,-47.7503,-65.8938,58.03,27,55,32.57,AR,1734573632
166,namibe,-15.1961,12.1522,70.95,75,97,5.73,AO,1734573633
167,preobrazheniye,42.9019,133.9064,22.78,45,51,7.29,RU,1734573634
168,san fernando,15.0286,120.6898,82.13,61,99,6.55,PH,1734573635
169,vila franca do campo,37.7167,-25.4333,59.41,86,27,4.36,PT,1734573637
170,hazard,37.2495,-83.1932,41.43,87,100,6.08,US,1734573638
171,concordia,-31.393,-58.0209,70.79,86,100,1.99,AR,1734573639
172,fort mcmurray,56.7268,-111.381,-13.41,76,75,6.91,CA,1734573641
173,beijing,39.9075,116.3972,24.69,32,100,3.2,CN,1734573417
174,daru,-9.0763,143.2092,90.36,59,22,8.52,PG,1734573644
175,lospalos,-8.5186,127.0025,87.19,57,100,3.24,TL,1734573645
176,tarko-sale,64.9225,77.785,5.61,94,100,7.81,RU,1734573646
177,porbandar,21.6422,69.6093,63.68,39,0,7.74,IN,1734573647
178,latnaya,51.6586,38.9011,8.49,88,10,10.13,RU,1734573649
179,tougue,11.4667,-11.6,61.14,21,6,1.88,GN,1734573650
180,margate,51.3813,1.3862,54.88,88,100,3.0,GB,1734573303
181,fort st. john,56.2499,-120.8529,-5.91,77,75,3.44,CA,1734573605
182,san andres,12.5847,-81.7006,82.42,83,20,10.36,CO,1734573653
183,tadine,-21.55,167.8833,80.56,65,100,0.85,NC,1734573654
184,itoman,26.1247,127.6694,61.18,57,75,19.57,JP,1734573655
185,palikir - national government center,6.9248,158.1611,86.85,74,100,9.22,FM,1734573657
186,broome,42.2506,-75.833,34.7,95,100,3.44,US,1734573658
187,klaksvik,62.2266,-6.589,40.66,70,100,41.63,FO,1734573659
188,prince rupert,54.3161,-130.3201,42.49,85,100,13.8,CA,1734573612
189,polyarnyy,69.1989,33.4478,-3.84,100,63,10.71,RU,1734573661
190,arenapolis,-14.4503,-56.8461,73.69,83,79,3.49,BR,1734573663
191,mangrol,21.1167,70.1167,63.7,45,0,11.79,IN,1734573664
192,nizhniy odes,63.6445,54.856,2.14,98,100,3.24,RU,1734573665
193,hingorja,27.2109,68.416,55.56,27,0,4.92,PK,1734573666
194,prineville,44.2999,-120.8345,43.48,77,0,1.01,US,1734573667
195,ciudad acuna,29.3232,-100.9522,59.58,45,0,5.75,MX,1734573632
196,san pedro pochutla,15.7333,-96.4667,80.31,74,55,3.27,MX,1734573669
197,turtas,58.9417,69.1325,12.16,97,94,6.26,RU,1734573414
198,el bayadh,33.6832,1.0193,43.16,31,0,2.66,DZ,1734573672
199,jamestown,42.097,-79.2353,34.02,99,100,10.36,US,1734573673
200,kabo,7.6994,18.629,69.73,22,100,5.79,CF,1734573674
201,sirohi,24.8833,72.8667,54.01,45,0,3.22,IN,1734573676
202,zaozersk,69.4005,32.4476,-6.57,99,50,9.53,RU,1734573678
203,les cayes,18.2,-73.75,76.17,84,0,5.01,HT,1734573661
204,lukow,51.929,22.3796,45.68,72,76,14.83,PL,1734573680
205,bodo,67.28,14.405,26.78,70,75,36.82,NO,1734573682
206,jasper,37.2001,-94.3502,35.06,88,8,6.13,US,1734573683
207,vilyuysk,63.7553,121.6247,-4.5,98,100,5.41,RU,1734573684
208,menaka,15.9182,2.4022,61.75,22,13,18.97,ML,1734573686
209,leava,-14.3,-178.1667,83.53,68,9,3.49,WF,1734573687
210,gadzhiyevo,69.2551,33.3362,-5.46,100,95,11.12,RU,1734573688
211,saldanha,-33.0117,17.9442,59.05,85,39,11.3,ZA,1734573689
212,laguna,38.421,-121.4238,50.04,89,0,4.61,US,1734573690
213,bori,4.6737,7.362,77.76,88,70,1.97,NG,1734573692
214,rabo de peixe,37.8,-25.5833,58.51,82,20,8.05,PT,1734573693
215,saipan,15.1355,145.701,86.65,75,81,11.99,MP,1734573695
216,acarau,-2.8856,-40.12,79.84,81,32,12.44,BR,1734573697
217,banes,20.9625,-75.7186,74.98,91,3,8.95,CU,1734573698
218,usinsk,65.9939,57.5281,-10.64,99,42,8.57,RU,1734573699
219,lihue,21.9789,-159.3672,81.73,77,10,8.43,US,1734573700
220,farasan,16.7022,42.1183,80.56,67,11,13.78,SA,1734573701
221,elliot lake,46.3834,-82.6331,16.38,77,90,7.67,CA,1734573654
222,prado,-17.3411,-39.2208,76.42,92,100,5.88,BR,1734573705
223,ojinaga,29.5667,-104.4167,61.75,33,0,6.91,MX,1734573708
224,mugia,43.1041,-9.2179,59.47,89,34,25.43,ES,1734573709
225,tupiza,-21.45,-65.7167,58.57,56,24,8.68,BO,1734573711
226,shahrak,34.1074,64.3052,19.71,56,0,5.32,AF,1734573713
227,luderitz,-26.6481,15.1594,57.88,82,0,16.49,NA,1734573714
228,mogilno,52.6581,17.9558,50.95,81,100,16.98,PL,1734573715
229,chihuahua,28.5,-106.0,51.62,45,0,3.76,MX,1734573603
230,wanxian,30.8039,108.3897,47.64,67,91,5.23,CN,1734573717
231,okhotsk,59.3833,143.3,6.55,88,83,11.92,RU,1734573720
232,lagunas,-5.2269,-75.6753,72.48,94,97,1.57,PE,1734573721
233,palmer,42.1584,-72.3287,42.51,80,100,0.0,US,1734573590
234,la mira,18.035,-102.3266,75.61,84,100,3.06,MX,1734573723
235,ciudad lazaro cardenas,17.9583,-102.2,78.03,80,100,3.24,MX,1734573637
236,nikol'sk,53.7189,46.0712,11.05,94,99,12.71,RU,1734573726
237,el fasher,13.6279,25.3494,68.29,33,48,8.59,SD,1734573727
238,callao,-12.0667,-77.15,71.73,78,20,14.97,PE,1734573728
239,wynyard,-41.0,145.7167,64.18,71,11,5.99,AU,1734573729
240,mandera,3.9366,41.867,77.16,46,2,10.58,KE,1734573731
241,tyukhtet,56.5389,89.3011,4.48,86,100,5.88,RU,1734573733
242,saurimo,-9.6608,20.3916,64.98,99,100,2.95,AO,1734573734
243,zimapan,20.75,-99.35,54.28,98,99,6.4,MX,1734573735
244,la ronge,55.1001,-105.2842,-18.15,83,40,6.91,CA,1734573736
245,carnarvon,-24.8667,113.6333,81.46,58,0,23.67,AU,1734573737
246,abalak,58.1286,68.5944,13.17,97,92,6.55,RU,1734573739
247,punta arenas,-53.15,-70.9167,41.11,75,40,25.32,CL,1734573686
248,afaahiti,-17.75,-149.2833,78.46,76,94,8.19,PF,1734573741
249,katsuren-haebaru,26.3369,127.8719,61.09,59,75,18.41,JP,1734573742
250,linxi,39.7,118.4333,28.35,30,100,4.34,CN,1734573745
251,baiyin,36.5583,104.2081,16.95,72,5,1.79,CN,1734573746
252,makaha,21.4694,-158.2175,81.9,68,0,7.7,US,1734573747
253,pariaman,-0.619,100.12,82.45,73,90,1.43,ID,1734573748
254,kurumkan,54.3,110.3,5.58,76,100,2.95,RU,1734573749
255,tual,-5.6667,132.75,83.66,81,100,16.2,ID,1734573752
256,calatagan,13.8833,120.65,81.81,69,100,21.05,PH,1734573753
257,mejit,10.2753,170.8646,80.85,81,84,24.76,MH,1734573754
258,yarmouth,41.7057,-70.2286,47.08,92,100,5.75,US,1734573755
259,east london,-33.0153,27.9116,67.26,79,96,3.22,ZA,1734573756
260,eureka,40.8021,-124.1637,56.62,92,46,4.43,US,1734573757
261,la'ie,21.6477,-157.9253,81.95,82,6,1.99,US,1734573759
262,haiku-pauwela,20.9219,-156.3051,79.88,76,18,8.01,US,1734573760
263,rio grande,-32.035,-52.0986,68.4,82,9,15.01,BR,1734573761
264,forster,-32.1667,152.5167,77.38,57,8,14.23,AU,1734573762
265,zimmerman,45.4433,-93.59,15.89,83,0,3.44,US,1734573566
266,walvis bay,-22.9575,14.5053,56.61,92,6,6.96,NA,1734573765
267,vershino-darasunskiy,52.35,115.5167,-2.87,86,94,3.31,RU,1734573766
268,uturoa,-16.7333,-151.4333,81.61,74,98,9.69,PF,1734573767
269,alpine,32.835,-116.7664,65.98,33,2,7.16,US,1734573330
270,balabac,7.9868,117.0645,83.46,76,17,6.73,PH,1734573769
271,vorkuta,67.5,64.0,-10.34,100,95,4.74,RU,1734573771
272,fukuecho,32.6881,128.8419,44.96,87,75,16.11,JP,1734573772
273,pitogo,13.7847,122.0881,80.8,76,97,15.99,PH,1734573773
274,atafu village,-8.5421,-172.5159,82.99,78,15,16.73,TK,1734573774
275,erenhot,43.6475,111.9767,20.16,41,100,10.29,CN,1734573775
276,makueni boma,-1.8041,37.6203,61.88,94,70,0.51,KE,1734573776
277,constitucion,-35.3333,-72.4167,57.6,75,1,13.89,CL,1734573778
278,keflavik,64.0049,-22.5624,28.83,86,75,5.75,IS,1734573779
279,nagqu,31.5,92.0,14.54,21,0,2.8,CN,1734573780
280,antofagasta,-23.65,-70.4,63.68,82,55,3.04,CL,1734573737
281,udachny,66.4167,112.4,-11.85,98,31,5.41,RU,1734573782
282,rabah,13.1213,5.5074,60.24,32,0,15.26,NG,1734573784
283,minab,27.1467,57.0801,57.58,10,0,5.1,IR,1734573785
284,hudiksvall,61.729,17.1036,39.6,96,100,8.61,SE,1734573786
285,yemetsk,63.4721,41.7941,2.77,99,93,2.08,RU,1734573787
286,tsiombe,-25.3,45.4833,72.28,95,7,1.01,MG,1734573788
287,ola,59.5833,151.2833,3.87,74,51,13.4,RU,1734573790
288,yanchep,-31.55,115.6833,76.28,52,0,16.15,AU,1734573791
289,san jose de feliciano,-30.3845,-58.7517,66.81,87,100,6.91,AR,1734573792
290,namsos,64.4662,11.4957,35.51,93,100,14.97,NO,1734573793
291,bjelovar,45.8986,16.8489,39.49,94,49,5.21,HR,1734573794
292,tazacorte,28.629,-17.9293,68.14,17,0,11.01,ES,1734573795
293,muisne,0.6,-80.0333,76.57,83,95,9.26,EC,1734573797
294,shindand,33.3029,62.1474,36.48,35,0,3.36,AF,1734573798
295,ghanzi,-21.5667,21.7833,71.1,75,91,3.47,BW,1734573799
296,vorgashor,67.5833,63.95,-9.69,100,93,3.85,RU,1734573800
297,dakhla,23.6848,-15.958,64.98,40,100,16.11,EH,1734573802
298,gorshechnoye,51.5244,38.0365,10.49,93,18,7.87,RU,1734573803
299,el nido,11.1858,119.3956,85.14,80,99,8.61,PH,1734573804
300,island harbour,50.724,-1.2758,52.02,70,96,14.0,GB,1734573805
301,sogndal,61.2283,7.1003,41.38,80,100,11.5,NO,1734573806
302,tura,25.5198,90.2201,62.85,62,100,1.86,IN,1734573807
303,broken hill,-31.95,141.4333,86.97,21,0,14.18,AU,1734573809
304,mahibadhoo,3.7833,72.9667,83.05,73,76,16.82,MV,1734573810
305,campoalegre,2.6849,-75.3231,81.3,83,74,6.04,CO,1734573811
306,kudahuvadhoo,2.6708,72.8944,82.71,78,44,17.11,MV,1734573812
307,qamdo,31.1667,97.2333,26.51,31,1,3.67,CN,1734573809
308,happy valley-goose bay,53.3168,-60.3315,23.31,74,100,3.44,CA,1734573613
309,sola,-13.8833,167.55,80.2,81,100,5.32,VU,1734573817
310,whistler,50.1164,-122.9695,33.03,100,100,2.3,CA,1734573806
311,dubbo,-32.25,148.6167,78.93,34,0,16.11,AU,1734573820
312,urangan,-25.3,152.9,76.37,66,100,26.08,AU,1734573821
313,chillicothe,39.3331,-82.9824,39.25,89,100,5.99,US,1734573404
314,kenora,49.8167,-94.4337,-4.23,92,20,3.44,CA,1734573823
315,bucerias,20.75,-105.3333,76.98,83,0,6.91,MX,1734573824
316,vilyuchinsk,52.9306,158.4028,34.07,86,100,3.8,RU,1734573825
317,misratah,32.3754,15.0925,61.88,66,83,15.77,LY,1734573827
318,juba,4.8517,31.5825,76.6,46,60,1.14,SS,1734573828
319,eyl,7.9803,49.8164,73.56,77,100,16.04,SO,1734573830
320,fale old settlement,-9.3852,-171.2468,83.28,78,84,15.64,TK,1734573831
321,kolonia town,6.964,158.206,87.91,74,100,9.22,FM,1734573833
322,impfondo,1.6381,18.0667,74.12,77,100,2.89,CG,1734573834
323,minas de marcona,-15.2119,-75.1103,60.21,83,100,9.4,PE,1734573626
324,newman,37.3138,-121.0208,49.05,89,100,1.01,US,1734573836
325,gurupi,-11.7292,-49.0686,73.65,93,88,3.53,BR,1734573602
326,mezhdurechenskiy,59.6,65.9333,6.44,100,92,3.18,RU,1734573838
327,dhidhdhoo,6.8833,73.1,82.54,75,26,6.53,MV,1734573840
328,barcelos,41.5388,-8.6151,58.6,91,28,11.86,PT,1734573722
329,shamakhi,40.6314,48.6414,35.24,77,98,12.3,AZ,1734573842
330,nadi,-17.8,177.4167,86.0,66,20,10.36,FJ,1734573727
331,albardon,-31.4372,-68.5256,78.87,32,0,5.01,AR,1734573844
332,el porvenir,13.7617,-87.3458,73.54,70,23,6.31,HN,1734573846
333,ciudad guayana,8.3533,-62.6528,80.26,71,71,8.81,VE,1734573848
334,baardheere,2.3446,42.2764,74.95,83,0,6.35,SO,1734573849
335,tindouf,27.6711,-8.1474,45.05,42,0,5.75,DZ,1734573850
336,kavaratti,10.5669,72.642,80.44,70,64,6.82,IN,1734573851
337,port alfred,-33.5906,26.891,64.18,94,50,2.13,ZA,1734573852
338,kikwit,-5.041,18.8162,69.87,96,79,1.59,CD,1734573853
339,oulad teima,30.3947,-9.209,58.28,86,0,6.44,MA,1734573855
340,cafayate,-26.073,-65.9761,65.61,83,66,7.4,AR,1734573627
341,ust'-uda,54.1742,103.0304,-7.6,100,70,2.57,RU,1734573857
342,aver-o-mar,41.4078,-8.7812,61.36,94,75,8.05,PT,1734573858
343,kayangel,8.0823,134.7173,83.89,72,47,8.03,PW,1734573859
344,nizhniy lomov,53.5304,43.6766,7.97,93,100,13.29,RU,1734573861
345,fortuna,40.5982,-124.1573,56.35,92,75,0.0,US,1734573862
346,cartagena,10.3997,-75.5144,82.02,83,20,6.91,CO,1734573863
347,mariinsk,56.2139,87.7472,5.07,87,100,4.16,RU,1734573864
348,paphos,34.7667,32.4167,49.78,87,2,10.36,CY,1734573865
349,namikupa,-10.8333,39.6,69.73,98,95,0.96,TZ,1734573867
350,tandil,-37.3217,-59.1332,68.56,58,100,1.21,AR,1734573797
351,chapaev,50.2,51.1667,15.24,93,100,19.42,KZ,1734573869
352,timbuktu,16.7735,-3.0074,64.18,19,31,17.76,ML,1734573870
353,holualoa,19.6228,-155.9522,80.44,71,75,16.11,US,1734573871
354,yuzhno-kurilsk,44.0306,145.8556,32.11,56,64,17.54,RU,1734573872
355,tinajo,29.0788,-13.7081,61.68,59,0,9.22,ES,1734573874
356,ambalangoda,6.2355,80.0538,81.99,82,63,7.07,LK,1734573875
357,pacasmayo,-7.4006,-79.5714,66.76,82,42,10.94,PE,1734573877
358,ronne,55.1009,14.7066,48.11,87,75,14.97,DK,1734573878
359,takaungu,-3.6837,39.8566,77.41,86,77,5.59,KE,1734573880
360,fuyang,32.9,115.8167,35.6,35,100,4.63,CN,1734573881
361,revda,56.801,59.9303,6.19,100,96,2.93,RU,1734573882
362,hampton bays,40.869,-72.5176,52.86,93,100,11.99,US,1734573786
363,bel ombre,-4.6167,55.4167,76.84,88,75,9.22,SC,1734573884
364,flin flon,54.7682,-101.865,-8.75,95,100,3.53,CA,1734573886
365,nova vicosa,-17.8919,-39.3719,75.83,92,68,4.23,BR,1734573660
366,burg auf fehmarn,54.4333,11.2,46.53,93,100,21.27,DE,1734573889
367,dudinka,69.4058,86.1778,9.79,93,100,14.67,RU,1734573890
368,kununurra,-15.7667,128.7333,91.38,58,33,4.61,AU,1734573892
369,lakatoro,-16.0999,167.4164,83.1,77,94,7.07,VU,1734573893
370,karkira,36.9292,6.5856,53.51,52,0,6.76,DZ,1734573894
371,dzuunharaa,48.8523,106.4579,4.23,95,100,2.48,MN,1734573895
372,warmbaths,-24.8833,28.2833,67.28,78,100,4.72,ZA,1734573896
373,langepas,61.2544,75.2124,13.15,95,100,8.16,RU,1734573763
374,sebastopol,44.6,33.5333,42.01,58,24,4.52,UA,1734573623
375,sur,22.5667,59.5289,69.85,63,21,9.71,OM,1734573900
376,taoudenni,22.6783,-3.9836,57.63,38,0,16.91,ML,1734573901
377,ulladulla,-35.35,150.4667,67.98,57,0,11.61,AU,1734573902
378,vardenik,40.1393,45.4334,26.26,76,27,10.92,AM,1734573904
379,borgarnes,64.5383,-21.9206,17.44,96,94,6.02,IS,1734573905
380,najaf,31.9985,44.3398,37.18,65,2,4.61,IQ,1734573907
381,nizhniy kuranakh,58.8353,125.4869,-9.62,97,100,4.03,RU,1734573908
382,cidade velha,14.9167,-23.6167,73.87,78,64,13.8,CV,1734573910
383,teterow,53.7833,12.5667,50.16,83,100,17.2,DE,1734573911
384,sabaudia,41.3003,13.0282,44.04,94,3,3.94,IT,1734573912
385,tongliao,43.6125,122.2653,20.39,33,100,6.17,CN,1734573914
386,sargatskoye,55.6101,73.4972,13.71,96,97,7.76,RU,1734573915
387,nea alikarnassos,35.3333,25.1667,52.48,100,40,6.91,GR,1734573917
388,mount gambier,-37.8333,140.7667,83.03,20,0,0.89,AU,1734573918
389,moyale,3.5167,39.0584,66.94,50,0,6.04,KE,1734573744
390,tutoia,-2.7619,-42.2744,80.15,86,97,11.72,BR,1734573921
391,sorong,-0.8833,131.25,84.22,75,100,7.31,ID,1734573922
392,egilsstadir,65.2653,-14.3948,24.71,80,40,6.91,IS,1734573923
393,tolanaro,-25.0319,46.9987,77.07,78,20,6.91,MG,1734573925
394,necochea,-38.5473,-58.7368,64.38,85,100,4.92,AR,1734573750
395,kalmunai,7.4167,81.8167,78.58,84,85,3.15,LK,1734573927
396,pelabuhanratu,-6.9875,106.5514,82.44,79,99,7.54,ID,1734573748
397,seward,40.907,-97.0989,32.14,80,100,5.01,US,1734573694
398,sinan,34.8262,126.1086,35.31,69,6,13.13,KR,1734573931
399,tralee,52.2704,-9.7026,42.78,74,90,19.46,IE,1734573932
400,registro,-24.4875,-47.8436,65.5,98,25,1.48,BR,1734573676
401,novodvinsk,64.4165,40.8122,-2.45,99,88,2.17,RU,1734573934
402,wuwei,37.9281,102.6414,20.95,71,73,1.52,CN,1734573664
403,illizi,26.4833,8.4667,49.24,67,0,3.8,DZ,1734573937
404,alotau,-10.3069,150.4462,87.04,67,97,7.23,PG,1734573938
405,donnacona,46.6804,-71.7239,34.11,100,100,1.14,CA,1734573939
406,kalawit,8.0667,122.5167,82.94,80,90,7.05,PH,1734573940
407,amga,60.8953,131.9608,-18.24,100,100,2.91,RU,1734573941
408,katabu,-4.9333,122.5167,85.68,71,100,8.32,ID,1734573943
409,hammerfest,70.6634,23.6821,21.65,86,75,2.3,NO,1734573944
410,aswan,24.0934,32.907,60.1,41,0,5.75,EG,1734573945
411,belomorsk,64.5232,34.7668,8.4,76,100,3.04,RU,1734573946
412,pak chong,14.708,101.4161,72.81,67,70,15.28,TH,1734573947
413,dunedin,-45.8742,170.5036,57.24,71,2,16.71,NZ,1734573948
414,novyy urengoy,66.0833,76.6333,5.97,97,100,5.82,RU,1734573950
415,highland springs,37.546,-77.3278,57.94,94,100,6.91,US,1734573951
416,torghay,49.6339,63.4981,27.75,93,100,9.86,KZ,1734573952
417,harstad,68.799,16.5293,23.16,77,100,17.0,NO,1734573954
418,cururupu,-1.8283,-44.8683,76.14,89,78,1.48,BR,1734573809
419,meridian,43.6121,-116.3915,45.72,75,0,8.05,US,1734573752
420,dodoma,-6.1722,35.7395,67.15,87,100,6.62,TZ,1734573957
421,izluchinsk,60.9794,76.9242,8.62,95,100,10.56,RU,1734573958
422,paracuru,-3.41,-39.0306,80.01,82,52,11.12,BR,1734573662
423,opuwo,-18.0607,13.84,66.56,37,48,5.06,NA,1734573961
424,alice springs,-23.7,133.8833,92.75,12,0,16.11,AU,1734573962
425,mooroopna,-36.4,145.35,84.18,21,0,3.91,AU,1734573963
426,bam,29.106,58.357,39.61,14,0,0.89,IR,1734573964
427,santa ana de yacuma,-13.75,-65.4333,74.59,93,56,6.04,BO,1734573965
428,nantucket,41.2835,-70.0995,48.31,87,100,12.66,US,1734573967
429,cabagan,17.4333,121.75,75.34,81,99,8.63,PH,1734573968
430,hauterive,46.0901,3.4459,50.47,76,100,8.25,FR,1734573969
431,dryden,49.7833,-92.7503,-5.51,77,0,5.75,CA,1734573970
432,roswell,34.0232,-84.3616,55.18,91,0,3.44,US,1734573806
433,thinadhoo,0.5333,72.9333,81.45,79,98,14.07,MV,1734573972
434,kristiansund,63.1115,7.732,45.25,65,48,17.27,NO,1734573974
435,lamu,-2.2717,40.902,78.06,87,100,8.03,KE,1734573975
436,isangel,-19.55,169.2667,81.88,74,62,1.36,VU,1734573976
437,tanjung pandan,-2.75,107.65,81.95,80,100,12.55,ID,1734573977
438,puerto santa,-8.9906,-78.6456,65.82,86,16,8.25,PE,1734573978
439,namtsy,62.7161,129.6658,-30.1,100,100,2.44,RU,1734573980
440,capitan bado,-23.2667,-55.5333,72.37,74,3,8.39,PY,1734573981
441,smithers,54.7804,-127.1743,23.32,80,75,5.75,CA,1734573982
442,pendleton,45.6721,-118.7886,47.8,79,0,5.75,US,1734573836
443,khandyga,62.6667,135.6,-21.73,92,100,0.94,RU,1734573984
444,cookeville,36.1628,-85.5016,41.99,92,100,1.99,US,1734573798
445,vrangel',42.7297,133.0839,20.86,51,42,13.47,RU,1734573877
446,deyang,31.1302,104.382,45.59,79,100,3.18,CN,1734573988
447,midvagur,62.0511,-7.1939,40.03,60,75,28.77,FO,1734573989
448,vuktyl,63.8567,57.3094,7.5,96,100,2.13,RU,1734573991
449,upington,-28.4478,21.2561,70.18,26,0,5.75,ZA,1734573992
450,hilo,19.7297,-155.09,78.53,88,75,10.36,US,1734573993
451,praia da vitoria,38.7333,-27.0667,55.65,88,20,9.01,PT,1734573994
452,east ballina,-28.8667,153.5833,75.38,53,0,17.4,AU,1734573995
453,urzhar,47.093,81.6294,17.22,77,100,5.73,KZ,1734573997
454,lautoka,-17.6167,177.4667,85.86,66,20,11.5,FJ,1734573936
455,qui nhon,13.7667,109.2333,72.97,84,100,19.39,VN,1734573999
456,el crucero,11.9901,-86.3095,72.37,71,3,10.8,NI,1734574000
457,sept-iles,50.2001,-66.3821,32.0,68,75,6.91,CA,1734573866
458,ust-nera,64.5667,143.2,-11.49,100,100,1.34,RU,1734574003
459,at taj,24.2049,23.2857,47.77,62,0,9.13,LY,1734574004
460,hanceville,34.0607,-86.7675,54.16,87,100,12.8,US,1734573994
461,sinabang,2.4803,96.3801,81.64,78,100,2.91,ID,1734574006
462,sitia,35.2,26.0986,57.25,79,82,7.27,GR,1734574007
463,antsiranana,-12.2787,49.2917,76.28,80,94,11.7,MG,1734574009
464,massawa,15.6097,39.45,78.44,69,10,2.01,ER,1734574010
465,saeby,57.3319,10.5225,44.28,84,100,12.3,DK,1734574011
466,barmer,25.75,71.3833,50.38,15,0,7.47,IN,1734574014
467,nianzishan,47.5167,122.8833,8.92,78,100,1.77,CN,1734574015
468,zemio,5.0314,25.1361,74.44,54,85,1.57,CF,1734574016
469,moapa valley,36.5805,-114.4703,57.54,35,84,2.33,US,1734574017
470,puerto lempira,15.2667,-83.7667,77.34,86,11,7.78,HN,1734574018
471,zeya,53.75,127.2667,1.47,78,2,6.85,RU,1734573792
472,taltal,-25.4,-70.4833,66.52,74,1,2.04,CL,1734574021
473,tachov,49.7953,12.6337,47.19,87,100,3.0,CZ,1734574022
474,palmas,-10.2128,-48.3603,76.87,88,75,0.0,BR,1734573833
475,barra de santo antonio,-9.4047,-35.5072,78.8,85,100,9.89,BR,1734574024
476,fort bragg,35.139,-79.006,66.81,93,40,0.0,US,1734573738
477,mahudha,22.8167,72.9333,58.55,45,0,4.52,IN,1734574027
478,nuku'alofa,-21.1333,-175.2,82.74,74,75,5.75,TO,1734574028
479,kone,-21.0595,164.8658,86.99,60,100,4.81,NC,1734574029
480,kavak,41.0783,36.0425,37.96,80,6,3.42,TR,1734574030
481,meulaboh,4.1363,96.1285,78.87,85,89,2.95,ID,1734574031
482,kushk,33.2957,61.9522,35.44,35,0,4.16,AF,1734574032
483,novyy turtkul',41.55,61.0167,34.9,73,47,11.3,UZ,1734574033
484,enewetak,11.3474,162.3373,81.46,78,100,22.62,MH,1734574035
485,urazovo,50.0836,38.0395,20.86,82,34,7.9,RU,1734574036
486,kismayo,-0.3582,42.5454,77.79,83,100,9.66,SO,1734574037
487,kapa'a,22.0752,-159.319,82.72,75,0,8.05,US,1734574039
488,lincoln,40.8,-96.667,33.3,76,0,8.05,US,1734574040
489,ridder,50.355,83.5133,16.93,74,100,4.25,KZ,1734574041
490,nazarovo,56.0064,90.3914,0.12,90,76,5.93,RU,1734574042
491,atkarsk,51.8718,45.0078,8.73,92,100,14.63,RU,1734574043
492,strugi-krasnyye,58.2675,29.1114,23.9,94,100,13.53,RU,1734574045
493,san fernando de apure,7.8878,-67.4724,81.9,53,100,4.18,VE,1734574046
494,labrador city,52.9463,-66.9114,13.17,77,75,13.0,CA,1734574047
495,slonim,53.0867,25.3219,41.67,82,100,13.51,BY,1734574048
496,itamaraju,-17.0392,-39.5311,73.47,95,98,3.69,BR,1734574049
497,tselinnoye,53.0833,85.6667,5.11,88,100,4.72,RU,1734574050
498,wichian buri,15.6578,101.106,73.63,55,32,10.63,TH,1734574052
499,warrnambool,-38.3833,142.4833,69.13,54,0,7.74,AU,1734574053
500,asau,46.4333,26.4,34.38,93,63,8.12,RO,1734574055
501,frontera,26.9333,-101.45,63.9,60,99,5.99,MX,1734574056
502,sinjar,36.3209,41.8754,42.48,59,0,2.46,IQ,1734574057
503,samalut,28.3121,30.7101,53.74,68,1,7.49,EG,1734574058
504,teknaf,20.8624,92.3058,72.88,70,85,3.24,BD,1734574059
505,inhambane,-23.865,35.3833,75.4,91,97,6.87,MZ,1734573850
506,barclayville,4.6797,-8.2339,77.7,88,22,3.09,LR,1734574062
507,brak,27.5496,14.2714,55.02,72,1,6.93,LY,1734574063
508,lensk,60.7253,114.9278,2.53,92,95,8.32,RU,1734574064
509,kyzyl-suu,42.3414,78.0056,18.52,59,16,8.63,KG,1734574065
510,taro,-8.3862,115.28,82.02,59,93,5.35,ID,1734574066
511,pirallahi,40.4723,50.333,41.14,84,100,4.38,AZ,1734574068
512,khash,28.2211,61.2158,33.21,13,0,3.49,IR,1734574069
513,shimoda,34.6667,138.95,46.81,70,51,13.49,JP,1734574070
514,vinh,18.6667,105.6667,64.08,74,47,5.91,VN,1734574071
515,arraial do cabo,-22.9661,-42.0278,73.4,81,54,5.23,BR,1734574072
516,naze,28.3667,129.4833,52.72,66,99,22.26,JP,1734574073
517,tarhuna,32.435,13.6332,48.16,74,1,10.27,LY,1734574074
518,peruibe,-24.32,-46.9983,70.34,91,72,6.62,BR,1734574054
519,greenville,35.6127,-77.3663,65.14,99,100,6.91,US,1734574077
520,meethari marwar,27.5751,74.6864,49.1,39,0,5.95,IN,1734574079
521,masindi port,1.6961,32.0861,69.76,53,68,0.25,UG,1734574080
522,fortaleza,-3.7227,-38.5247,82.22,83,40,8.05,BR,1734573976
523,pokrovsk,48.282,37.1758,27.1,74,74,7.96,UA,1734574083
524,korla,41.7597,86.1469,8.67,89,88,0.76,CN,1734574084
525,bosobolo,4.1833,19.9,75.18,40,100,1.32,CD,1734574085
526,kabansk,52.0486,106.6528,16.81,95,100,4.45,RU,1734574088
527,masterton,-40.9597,175.6575,57.81,97,100,8.77,NZ,1734574089
528,trinidad,-14.8333,-64.9,76.91,88,100,6.02,BO,1734574090
529,saint-philippe,-21.3585,55.7679,75.42,77,36,11.5,RE,1734574091
530,muzaffarabad,34.37,73.4711,41.97,22,0,6.35,PK,1734574093
531,queenstown,-31.8976,26.8753,58.24,89,100,4.5,ZA,1734574094
532,magadan,59.5667,150.8,4.64,72,33,10.63,RU,1734574095
533,laem sing,12.4816,102.0738,76.86,58,52,13.33,TH,1734574096
534,pitimbu,-7.4706,-34.8086,79.61,79,86,9.84,BR,1734574019
535,lazaro cardenas,17.9583,-102.2,78.03,80,100,3.24,MX,1734574098
536,mount pearl,47.5166,-52.7813,38.14,91,99,3.0,CA,1734574100
537,babu,24.4167,111.5167,51.3,30,0,6.06,CN,1734574101
538,ciudad de armeria,18.9333,-103.9667,74.57,91,52,1.28,MX,1734574103
539,benghazi,32.1167,20.0667,62.91,65,71,14.2,LY,1734574104
540,ko pha ngan,9.7578,100.0291,77.43,75,92,16.17,TH,1734574106
541,ta`u,-14.2336,-169.5144,79.97,81,100,19.93,AS,1734574107
